{
 "models": [
  "copilot:claude-opus-4.7",
  "copilot:claude-opus-4.7+fhirskill",
  "copilot:claude-sonnet-4.6",
  "copilot:gpt-5.4",
  "openai-compat:qwen-qwen3.5-9b"
 ],
 "tiers": [
  1,
  2,
  3
 ],
 "rows": [
  {
   "model": "copilot:claude-opus-4.7",
   "tiers": {
    "1": {
     "f1": 0.7757861111111112,
     "coverage": 1.0,
     "by_prompt": {
      "naive": 0.6805814814814815,
      "broad": 0.7715898148148148,
      "expert": 0.875187037037037
     }
    },
    "2": {
     "f1": 0.9043037037037036,
     "coverage": 1.0,
     "by_prompt": {
      "naive": 0.8731740740740741,
      "broad": 0.9103129629629629,
      "expert": 0.929424074074074
     }
    },
    "3": {
     "f1": 0.8954799382716049,
     "coverage": 1.0,
     "by_prompt": {
      "naive": 0.8586027777777778,
      "broad": 0.8973814814814814,
      "expert": 0.9304555555555555
     }
    }
   },
   "best": {
    "tier": 2,
    "variant": "expert",
    "f1": 0.9033363402061856
   }
  },
  {
   "model": "copilot:claude-opus-4.7+fhirskill",
   "tiers": {
    "1": {
     "f1": 0.791466975308642,
     "coverage": 1.0,
     "by_prompt": {
      "naive": 0.6977759259259259,
      "broad": 0.7908240740740742,
      "expert": 0.885800925925926
     }
    },
    "2": {
     "f1": null,
     "coverage": null,
     "by_prompt": {
      "naive": null,
      "broad": null,
      "expert": null
     }
    },
    "3": {
     "f1": null,
     "coverage": null,
     "by_prompt": {
      "naive": null,
      "broad": null,
      "expert": null
     }
    }
   },
   "best": {
    "tier": 1,
    "variant": "expert",
    "f1": 0.8618979381443299
   }
  },
  {
   "model": "copilot:claude-sonnet-4.6",
   "tiers": {
    "1": {
     "f1": 0.7599833865814696,
     "coverage": 0.9660493827160493,
     "by_prompt": {
      "naive": 0.6787718446601941,
      "broad": 0.7479037735849057,
      "expert": 0.8527259615384615
     }
    },
    "2": {
     "f1": 0.9166222222222222,
     "coverage": 0.9722222222222222,
     "by_prompt": {
      "naive": 0.9010276190476191,
      "broad": 0.927492380952381,
      "expert": 0.9213466666666666
     }
    },
    "3": {
     "f1": 0.8910694444444445,
     "coverage": 1.0,
     "by_prompt": {
      "naive": 0.8816583333333333,
      "broad": 0.901937037037037,
      "expert": 0.8896129629629629
     }
    }
   },
   "best": {
    "tier": 3,
    "variant": "broad",
    "f1": 0.8707693298969073
   }
  },
  {
   "model": "copilot:gpt-5.4",
   "tiers": {
    "1": {
     "f1": 0.7054148148148148,
     "coverage": 1.0,
     "by_prompt": {
      "naive": 0.5526574074074074,
      "broad": 0.7141731481481481,
      "expert": 0.8494138888888889
     }
    },
    "2": {
     "f1": 0.9136590909090908,
     "coverage": 0.9506172839506173,
     "by_prompt": {
      "naive": 0.883889423076923,
      "broad": 0.899156862745098,
      "expert": 0.958514705882353
     }
    },
    "3": {
     "f1": 0.9056219135802469,
     "coverage": 1.0,
     "by_prompt": {
      "naive": 0.8708851851851852,
      "broad": 0.9102518518518518,
      "expert": 0.9357287037037038
     }
    }
   },
   "best": {
    "tier": 2,
    "variant": "expert",
    "f1": 0.918797074468085
   }
  },
  {
   "model": "openai-compat:qwen-qwen3.5-9b",
   "tiers": {
    "1": {
     "f1": 0.29814506172839506,
     "coverage": 1.0,
     "by_prompt": {
      "naive": 0.11481851851851851,
      "broad": 0.2656,
      "expert": 0.5140166666666667
     }
    },
    "2": {
     "f1": 0.5294981366459628,
     "coverage": 0.9938271604938271,
     "by_prompt": {
      "naive": 0.38943796296296296,
      "broad": 0.4826679245283019,
      "expert": 0.7155212962962963
     }
    },
    "3": {
     "f1": 0.7788728395061729,
     "coverage": 1.0,
     "by_prompt": {
      "naive": 0.7361972222222222,
      "broad": 0.7401944444444445,
      "expert": 0.8602268518518519
     }
    }
   },
   "best": {
    "tier": 3,
    "variant": "expert",
    "f1": 0.8092235142118864
   }
  }
 ],
 "stamp": "20260616T132849Z"
}