{
 "models": [
  "copilot:claude-opus-4.7",
  "copilot:claude-opus-4.7+fhirskill",
  "copilot:claude-sonnet-4.6",
  "copilot:gpt-5.4",
  "openai-compat:qwen-qwen3.5-9b"
 ],
 "tiers": [
  1,
  2,
  3
 ],
 "rows": [
  {
   "model": "copilot:claude-opus-4.7",
   "tiers": {
    "1": {
     "f1": 0.6787213058419245,
     "coverage": 1.0,
     "by_prompt": {
      "naive": 0.5328755154639175,
      "broad": 0.6444786082474228,
      "expert": 0.858809793814433
     }
    },
    "2": {
     "f1": 0.8623887457044674,
     "coverage": 1.0,
     "by_prompt": {
      "naive": 0.8159515463917526,
      "broad": 0.8678783505154639,
      "expert": 0.9033363402061856
     }
    },
    "3": {
     "f1": 0.8668374570446735,
     "coverage": 1.0,
     "by_prompt": {
      "naive": 0.8303463917525773,
      "broad": 0.8689505154639175,
      "expert": 0.9012154639175258
     }
    }
   },
   "best": {
    "tier": 3,
    "variant": "expert",
    "f1": 0.9853875000000001
   }
  },
  {
   "model": "copilot:claude-opus-4.7+fhirskill",
   "tiers": {
    "1": {
     "f1": 0.6933941580756015,
     "coverage": 1.0,
     "by_prompt": {
      "naive": 0.5522211340206186,
      "broad": 0.6660634020618557,
      "expert": 0.8618979381443299
     }
    },
    "2": {
     "f1": null,
     "coverage": null,
     "by_prompt": {
      "naive": null,
      "broad": null,
      "expert": null
     }
    },
    "3": {
     "f1": null,
     "coverage": null,
     "by_prompt": {
      "naive": null,
      "broad": null,
      "expert": null
     }
    }
   },
   "best": {
    "tier": 1,
    "variant": "expert",
    "f1": 0.9246762500000001
   }
  },
  {
   "model": "copilot:claude-sonnet-4.6",
   "tiers": {
    "1": {
     "f1": 0.6233644038294169,
     "coverage": 0.9871134020618557,
     "by_prompt": {
      "naive": 0.49176335078534034,
      "broad": 0.5540459740259741,
      "expert": 0.824828272251309
     }
    },
    "2": {
     "f1": 0.8455879858657244,
     "coverage": 0.9725085910652921,
     "by_prompt": {
      "naive": 0.846013829787234,
      "broad": 0.8703558201058201,
      "expert": 0.8203965608465608
     }
    },
    "3": {
     "f1": 0.8565538726333907,
     "coverage": 0.9982817869415808,
     "by_prompt": {
      "naive": 0.86052661498708,
      "broad": 0.8707693298969073,
      "expert": 0.8383289405684754
     }
    }
   },
   "best": {
    "tier": 2,
    "variant": "expert",
    "f1": 0.9815935897435898
   }
  },
  {
   "model": "copilot:gpt-5.4",
   "tiers": {
    "1": {
     "f1": 0.6562673557278209,
     "coverage": 0.9974226804123711,
     "by_prompt": {
      "naive": 0.48122790697674417,
      "broad": 0.6338426356589147,
      "expert": 0.8537315245478035
     }
    },
    "2": {
     "f1": 0.8778589766606822,
     "coverage": 0.9570446735395189,
     "by_prompt": {
      "naive": 0.841502972972973,
      "broad": 0.8725845108695652,
      "expert": 0.918797074468085
     }
    },
    "3": {
     "f1": 0.8835121134020619,
     "coverage": 1.0,
     "by_prompt": {
      "naive": 0.8587319587628865,
      "broad": 0.8834801546391753,
      "expert": 0.9083242268041237
     }
    }
   },
   "best": {
    "tier": 2,
    "variant": "expert",
    "f1": 0.9979846153846154
   }
  },
  {
   "model": "openai-compat:qwen-qwen3.5-9b",
   "tiers": {
    "1": {
     "f1": 0.25747462817147854,
     "coverage": 0.9819587628865979,
     "by_prompt": {
      "naive": 0.07222984293193717,
      "broad": 0.14975394736842104,
      "expert": 0.5506435695538058
     }
    },
    "2": {
     "f1": 0.47551604509973977,
     "coverage": 0.9905498281786942,
     "by_prompt": {
      "naive": 0.2826274151436031,
      "broad": 0.36286553524804177,
      "expert": 0.777897157622739
     }
    },
    "3": {
     "f1": 0.7100943820224719,
     "coverage": 0.9939862542955327,
     "by_prompt": {
      "naive": 0.6374704188481676,
      "broad": 0.6827216494845362,
      "expert": 0.8092235142118864
     }
    }
   },
   "best": {
    "tier": 3,
    "variant": "expert",
    "f1": 0.91873625
   }
  }
 ],
 "stamp": "20260618T034112Z"
}