{
 "models": [
  "copilot:claude-opus-4.7",
  "copilot:claude-opus-4.7+fhirskill",
  "copilot:claude-sonnet-4.6",
  "copilot:gpt-5.4",
  "openai-compat:qwen-qwen3.5-9b"
 ],
 "tiers": [
  1,
  2,
  3
 ],
 "rows": [
  {
   "model": "copilot:claude-opus-4.7",
   "tiers": {
    "1": {
     "f1": 0.6317460481099656,
     "coverage": 1.0,
     "by_prompt": {
      "naive": 0.5328755154639175,
      "broad": 0.6444786082474228,
      "expert": 0.7178840206185567
     }
    },
    "2": {
     "f1": 0.8592029209621993,
     "coverage": 1.0,
     "by_prompt": {
      "naive": 0.8159515463917526,
      "broad": 0.8678783505154639,
      "expert": 0.8937788659793815
     }
    },
    "3": {
     "f1": 0.8604399484536083,
     "coverage": 1.0,
     "by_prompt": {
      "naive": 0.8303463917525773,
      "broad": 0.8689505154639175,
      "expert": 0.8820229381443299
     }
    }
   },
   "best": {
    "tier": 3,
    "variant": "expert",
    "f1": 0.9671125
   }
  },
  {
   "model": "copilot:claude-opus-4.7+fhirskill",
   "tiers": {
    "1": {
     "f1": 0.6501547250859107,
     "coverage": 1.0,
     "by_prompt": {
      "naive": 0.5522211340206186,
      "broad": 0.6660634020618557,
      "expert": 0.7321796391752576
     }
    },
    "2": {
     "f1": null,
     "coverage": null,
     "by_prompt": {
      "naive": null,
      "broad": null,
      "expert": null
     }
    },
    "3": {
     "f1": null,
     "coverage": null,
     "by_prompt": {
      "naive": null,
      "broad": null,
      "expert": null
     }
    }
   },
   "best": {
    "tier": 1,
    "variant": "expert",
    "f1": 0.87655875
   }
  },
  {
   "model": "copilot:claude-sonnet-4.6",
   "tiers": {
    "1": {
     "f1": 0.5630033883579496,
     "coverage": 0.988831615120275,
     "by_prompt": {
      "naive": 0.49176335078534034,
      "broad": 0.5540459740259741,
      "expert": 0.642853125
     }
    },
    "2": {
     "f1": 0.8590413005272408,
     "coverage": 0.9776632302405498,
     "by_prompt": {
      "naive": 0.846013829787234,
      "broad": 0.8703558201058201,
      "expert": 0.8606596354166666
     }
    },
    "3": {
     "f1": 0.8622030120481928,
     "coverage": 0.9982817869415808,
     "by_prompt": {
      "naive": 0.86052661498708,
      "broad": 0.8707693298969073,
      "expert": 0.8552909560723514
     }
    }
   },
   "best": {
    "tier": 2,
    "variant": "expert",
    "f1": 0.9860949367088607
   }
  },
  {
   "model": "copilot:gpt-5.4",
   "tiers": {
    "1": {
     "f1": 0.6243435456110156,
     "coverage": 0.9982817869415808,
     "by_prompt": {
      "naive": 0.48122790697674417,
      "broad": 0.6338426356589147,
      "expert": 0.7576157216494845
     }
    },
    "2": {
     "f1": 0.8706546263345196,
     "coverage": 0.9656357388316151,
     "by_prompt": {
      "naive": 0.841502972972973,
      "broad": 0.8725845108695652,
      "expert": 0.8967580310880828
     }
    },
    "3": {
     "f1": 0.8792335051546392,
     "coverage": 1.0,
     "by_prompt": {
      "naive": 0.8587319587628865,
      "broad": 0.8834801546391753,
      "expert": 0.8954884020618556
     }
    }
   },
   "best": {
    "tier": 2,
    "variant": "expert",
    "f1": 0.9900873417721519
   }
  },
  {
   "model": "openai-compat:qwen-qwen3.5-9b",
   "tiers": {
    "1": {
     "f1": 0.25747462817147854,
     "coverage": 0.9819587628865979,
     "by_prompt": {
      "naive": 0.07222984293193717,
      "broad": 0.14975394736842104,
      "expert": 0.5506435695538058
     }
    },
    "2": {
     "f1": 0.47551604509973977,
     "coverage": 0.9905498281786942,
     "by_prompt": {
      "naive": 0.2826274151436031,
      "broad": 0.36286553524804177,
      "expert": 0.777897157622739
     }
    },
    "3": {
     "f1": 0.7100943820224719,
     "coverage": 0.9939862542955327,
     "by_prompt": {
      "naive": 0.6374704188481676,
      "broad": 0.6827216494845362,
      "expert": 0.8092235142118864
     }
    }
   },
   "best": {
    "tier": 3,
    "variant": "expert",
    "f1": 0.91873625
   }
  }
 ],
 "stamp": "20260618T123038Z"
}